{"cameraMode":{"drawMode":0,"name":"Shaded","section":"Shading Mode"},"sceneLighting":true,"audioPlay":false,"sceneViewState":{"m_AlwaysRefresh":false,"showFog":true,"showSkybox":true,"showFlares":true,"showImageEffects":true,"showParticleSystems":true,"showVisualEffectGraphs":true,"m_FxEnabled":true},"in2DMode":false,"pivot":{"x":-0.13917391002178193,"y":-1.8274240493774415,"z":2.385277271270752},"rotation":{"x":0.45991531014442446,"y":0.0013309954665601254,"z":-0.0006904298788867891,"w":0.8879653215408325},"size":10.808416366577149,"orthographic":false}